feature,importance,std
cust_recency_days,0.17386467044064147,0.004466283993756185
prod_prior_return_rate,0.05866564082551343,0.00514973576570061
cust_prior_mean_abs_amount,0.05554319395556939,0.0034694796333300942
cust_prior_return_rate,0.042091760647614905,0.002372667686983837
cust_qty_ratio,0.03417917091300967,0.0016660376110488651
cust_prior_lines,0.024474225882736584,0.004156114924628094
cust_prior_invoices,0.02382710082747049,0.0026934900285922117
hour,0.023618330563977014,0.001902819637696182
cust_prior_mean_abs_qty,0.021819219322180023,0.0029795856829217615
abs_amount_log,0.021071708764417423,0.006755274464325295
abs_quantity_log,0.020414361886183896,0.0006921826349211349
desc_len,0.01833767583012948,0.0017102235231077783
prod_qty_ratio,0.017646934851552647,0.0007362772163950387
country_freq,0.014159740192978018,0.0013941333241759796
cust_amount_ratio,0.012431058294755567,0.0038300627948351113
